email,password 
toxtarby0@constantcontact.com,RSiNANl
vpaniman1@vistaprint.com,2e7KTi0NPaC
mcastelow2@adobe.com,qiAObMIBpv7f
mhulburd3@google.com,Szrugylv
blawranson4@istockphoto.com,k0QPWVM60jh
gdanielski5@reuters.com,0DoTIQkX2pE
bdelgado6@deliciousdays.com,8Bb0dXYSfG
wcasbon7@is.gd,DFmlPE
lpiola8@a8.net,GdQnO4n5zg5b
nevesque9@studiopress.com,adtsx5P
dissatta@surveymonkey.com,ohlq9IdoeZJD
rlosemannb@blogger.com,bEH5Cy
srosparsc@discuz.net,qm45q9rykZy
ccloaked@irs.gov,EveargzKx
mkunklere@netscape.com,ie9kaGeXH
einglefieldf@gizmodo.com,CtqgJk9zaotX
fsnelmang@51.la,s02tjQ7JA
cbienvenuh@epa.gov,BufdNWpR
rbarltropi@naver.com,c1dgHsEfH
hlunnyj@weibo.com,Mpx0rprF
